{
  "best_cfg": {
    "ef": 8,
    "es": 34,
    "trail": 1.2,
    "hard": 0.03,
    "rsi_pull": 48,
    "rsi_exit": 52,
    "min_profit": 0.005,
    "rsi_deep": 35,
    "death_allow": 0.02,
    "ema_allow": 0.03,
    "adx": 2,
    "adx_pull": 1
  },
  "best_out": {
    "pnl": 9126.779999999997,
    "acts": 9400,
    "rts": 4700,
    "wr": 52.91489361702128,
    "dd": -2308.975000000004
  },
  "trades_csv": "/tmp/max_return_best_trades_2021_2026_0p1btc.csv"
}